,cluster
0,31
1,30
2,95
3,143
4,54
5,24
6,61
7,69
8,3811
9,25
10,98
11,78
12,77
13,19
14,64
15,142
16,35
17,17
18,80
19,49
20,47
21,63
22,105
23,30
24,77
25,42
26,52
27,30
28,106
29,125
30,538
31,69
32,87
33,30
34,52
35,31
36,101
37,83
38,68
39,77
40,89
41,30
42,70
43,89
44,71
45,18
46,52
47,18
48,84
49,115
50,59
51,80
52,90
53,61
54,99
55,81
56,76
57,19
58,52
59,68
60,110
61,30
62,161
63,78
64,125
65,40
66,47
67,65
68,123
69,74
70,41
71,24
72,133
73,24
74,29
75,115
76,118
77,42
78,77
79,40
80,71
81,89
82,53
83,62
84,88
85,47
86,61
87,23
88,104
89,124
90,76
91,392
92,106
93,135
94,120
95,57
96,137
97,64
98,35
99,42
100,47
101,53
102,63
103,115
104,47
105,22
106,109
107,30
108,85
109,87
110,79
111,54
112,129
113,59
114,55
115,111
116,66
117,73
118,143
119,50
120,89
121,69
122,94
123,75
124,48
125,57
126,54
127,41
128,91
129,76
130,78
131,107
132,18
133,89
134,49
135,48
136,63
137,52
138,31
139,61
140,55
141,258
142,52
143,177
144,212
145,36
146,54
147,81
148,82
149,46
150,96
151,32
152,42
153,96
154,54
155,102
156,49
157,13
158,35
159,41
160,29
161,48
162,43
163,126
164,136
165,36
166,47
167,58
168,60
169,39
170,70
171,119
172,45
173,136
174,59
175,42
176,37
177,99
178,152
179,40
180,46
181,83
182,63
183,65
184,41
185,50
186,141
187,12
188,42
189,31
190,57
191,40
192,129
193,145
194,7
195,99
196,25
197,7
198,23
199,47
200,74
201,70
202,183
203,30
204,96
205,42
206,73
207,141
208,48
209,81
210,81
211,59
212,87
213,39
214,34
215,151
216,61
217,33
218,69
219,99
220,71
221,65
222,61
223,59
224,61
225,101
226,7
227,53
228,71
229,12
230,36
231,7
232,69
233,68
234,47
235,57
236,120
237,105
238,71
239,117
240,25
241,41
242,58
243,88
244,42
245,75
246,40
247,94
248,34
249,68
250,82
251,115
252,53
253,50
254,110
255,81
256,81
257,95
258,58
259,98
260,46
261,79
262,78
263,19
264,65
265,54
266,64
267,119
268,107
269,31
270,77
271,60
272,51
273,42
274,105
275,47
276,53
277,34
278,121
279,118
280,36
281,54
282,42
283,61
284,142
285,22
286,55
287,53
288,7
289,52
290,25
291,106
292,77
293,55
294,79
295,46
296,51
297,79
298,80
299,57
300,58
301,78
302,100
303,23
304,111
305,88
306,41
307,117
308,82
309,89
310,102
311,47
312,65
313,71
314,55
315,76
316,101
317,94
318,76
319,65
320,98
321,64
322,40
323,84
324,85
325,84
326,132
327,76
328,87
329,70
330,60
331,54
332,54
333,51
334,53
335,65
336,39
337,107
338,103
339,165
340,118
341,81
342,13
343,89
344,18
345,97
346,48
347,94
348,54
349,59
350,134
351,67
352,19
353,65
354,109
355,17
356,110
357,13
358,71
359,76
360,12
361,101
362,84
363,67
364,95
365,25
366,77
367,88
368,77
369,7
370,76
371,58
372,67
373,38
374,18
375,44
376,65
377,65
378,54
379,62
380,137
381,99
382,82
383,89
384,59
385,64
386,61
387,63
388,41
389,86
390,49
391,65
392,58
393,68
394,154
395,76
396,83
397,42
398,42
399,54
400,106
401,78
402,80
403,72
404,93
405,53
406,53
407,79
408,62
409,61
410,98
411,70
412,111
413,17
414,53
415,58
416,36
417,73
418,62
419,114
420,112
421,34
422,31
423,12
424,25
425,68
426,46
427,64
428,87
429,51
430,136
431,83
432,58
433,60
434,69
435,63
436,88
437,91
438,76
439,174
440,59
441,11
442,87
443,108
444,71
445,137
446,92
447,106
448,54
449,78
450,41
451,41
452,84
453,50
454,72
455,92
456,72
457,64
458,53
459,77
460,121
461,84
462,58
463,83
464,47
465,57
466,105
467,71
468,45
469,42
470,51
471,35
472,98
473,29
474,7
475,53
476,43
477,37
478,7
479,92
480,84
481,80
482,91
483,42
484,88
485,54
486,30
487,49
488,67
489,95
490,47
491,63
492,47
493,142
494,45
495,51
496,41
497,78
498,35
499,225
500,75
501,85
502,54
503,6
504,45
505,19
506,43
507,75
508,40
509,94
510,45
511,42
512,57
513,18
514,12
515,13
516,18
517,85
518,24
519,63
520,64
521,64
522,89
523,53
524,60
525,45
526,65
527,75
528,88
529,79
530,140
531,54
532,115
533,17
534,16
535,41
536,51
537,7
538,58
539,65
540,84
541,5
542,47
543,43
544,55
545,53
546,59
547,85
548,59
549,47
550,75
551,96
552,7
553,57
554,51
555,77
556,106
557,60
558,104
559,38
560,113
561,73
562,42
563,81
564,56
565,41
566,43
567,83
568,75
569,40
570,88
571,25
572,29
573,45
574,45
575,82
576,47
577,7
578,31
579,36
580,64
581,71
582,52
583,83
584,63
585,37
586,70
587,102
588,90
589,41
590,70
591,87
592,65
593,7
594,75
595,48
596,117
597,116
598,56
599,86
600,13
601,126
602,41
603,89
604,31
605,123
606,66
607,22
608,90
609,52
610,147
611,106
612,13
613,71
614,73
615,78
616,99
617,99
618,80
619,88
620,59
621,89
622,79
623,48
624,50
625,79
626,65
627,17
628,46
629,73
630,84
631,59
632,57
633,54
634,57
635,39
636,47
637,42
638,42
639,71
640,41
641,65
642,49
643,11
644,81
645,43
646,36
647,104
648,101
649,63
650,13
651,48
652,75
653,67
654,73
655,36
656,18
657,40
658,80
659,25
660,49
661,89
662,155
663,47
664,69
665,65
666,47
667,94
668,76
669,76
670,211
671,53
672,12
673,36
674,24
675,31
676,49
677,60
678,13
679,61
680,40
681,48
682,62
683,49
684,114
685,42
686,101
687,51
688,66
689,68
690,105
691,40
692,111
693,53
694,66
695,87
696,40
697,78
698,92
699,98
700,47
701,48
702,35
703,113
704,24
705,65
706,116
707,83
708,36
709,28
710,59
711,94
712,65
713,17
714,60
715,69
716,60
717,59
718,53
719,63
720,71
721,37
722,45
723,76
724,39
725,69
726,163
727,24
728,34
729,36
730,36
731,42
732,77
733,180
734,57
735,36
736,13
737,55
738,99
739,7
740,18
741,34
742,57
743,53
744,137
745,176
746,7
747,92
748,54
749,54
750,52
751,77
752,93
753,54
754,60
755,42
756,55
757,29
758,124
759,126
760,110
761,33
762,99
763,47
764,55
765,7
766,37
767,49
768,80
769,43
770,74
771,37
772,75
773,100
774,41
775,110
776,76
777,126
778,52
779,35
780,112
781,87
782,48
783,7
784,120
785,83
786,40
787,45
788,29
789,53
790,82
791,50
792,52
793,113
794,52
795,125
796,66
797,54
798,78
799,95
800,24
801,91
802,98
803,24
804,23
805,133
806,64
807,43
808,40
809,13
810,83
811,128
812,105
813,49
814,105
815,57
816,73
817,12
818,94
819,78
820,42
821,58
822,54
823,81
824,46
825,23
826,47
827,92
828,58
829,71
830,71
831,49
832,53
833,59
834,60
835,25
836,40
837,30
838,78
839,81
840,43
841,46
842,47
843,82
844,52
845,105
846,33
847,135
848,67
849,82
850,77
851,48
852,47
853,69
854,49
855,76
856,19
857,77
858,81
859,48
860,125
861,78
862,65
863,52
864,54
865,122
866,52
867,29
868,13
869,18
870,18
871,77
872,80
873,49
874,105
875,17
876,53
877,65
878,37
879,80
880,52
881,57
882,60
883,18
884,13
885,18
886,110
887,13
888,63
889,100
890,84
891,81
892,80
893,41
894,46
895,124
896,80
897,82
898,99
899,122
900,98
901,200
902,48
903,64
904,59
905,13
906,105
907,49
908,36
909,60
910,72
911,7
912,57
913,40
914,74
915,226
916,94
917,67
918,175
919,106
920,49
921,53
922,98
923,37
924,55
925,29
926,49
927,64
928,52
929,90
930,35
931,7
932,58
933,11
934,48
935,58
936,19
937,53
938,47
939,146
940,70
941,40
942,89
943,63
944,66
945,37
946,55
947,41
948,47
949,37
950,41
951,34
952,66
953,93
954,89
955,45
956,82
957,91
958,41
959,30
960,25
961,73
962,76
963,63
964,115
965,121
966,79
967,25
968,43
969,65
970,46
971,117
972,84
973,65
974,97
975,107
976,52
977,25
978,58
979,5
980,62
981,30
982,51
983,77
984,69
985,53
986,133
987,82
988,29
989,48
990,53
991,77
992,55
993,96
994,71
995,133
996,59
997,71
998,43
999,54
1000,59
1001,7
1002,24
1003,53
1004,42
1005,123
1006,76
1007,66
1008,106
1009,36
1010,76
1011,76
1012,46
1013,29
1014,7
1015,65
1016,115
1017,47
1018,58
1019,98
1020,74
1021,100
1022,13
1023,31
1024,51
1025,46
1026,13
1027,114
1028,30
1029,169
1030,46
1031,26
1032,81
1033,48
1034,88
1035,84
1036,91
1037,94
1038,71
1039,132
1040,167
1041,68
1042,64
1043,29
1044,41
1045,29
1046,67
1047,72
1048,53
1049,56
1050,31
1051,64
1052,65
1053,104
1054,65
1055,49
1056,37
1057,6
1058,41
1059,81
1060,42
1061,95
1062,12
1063,24
1064,18
1065,53
1066,82
1067,36
1068,66
1069,55
1070,12
1071,93
1072,126
1073,53
1074,121
1075,25
1076,60
1077,23
1078,67
1079,46
1080,113
1081,6
1082,19
1083,69
1084,88
1085,30
1086,99
1087,46
1088,132
1089,47
1090,22
1091,65
1092,37
1093,24
1094,76
1095,29
1096,65
1097,110
1098,70
1099,75
1100,37
1101,51
1102,45
1103,25
1104,95
1105,46
1106,83
1107,86
1108,110
1109,75
1110,76
1111,89
1112,46
1113,157
1114,62
1115,63
1116,30
1117,36
1118,150
1119,55
1120,89
1121,47
1122,25
1123,13
1124,37
1125,27
1126,73
1127,124
1128,61
1129,36
1130,57
1131,75
1132,24
1133,35
1134,91
1135,65
1136,53
1137,49
1138,66
1139,19
1140,49
1141,46
1142,73
1143,77
1144,79
1145,60
1146,35
1147,82
1148,7
1149,23
1150,130
1151,79
1152,34
1153,75
1154,45
1155,59
1156,95
1157,48
1158,48
1159,59
1160,57
1161,36
1162,30
1163,57
1164,35
1165,7
1166,88
1167,90
1168,35
1169,30
1170,75
1171,24
1172,99
1173,32
1174,11
1175,13
1176,53
1177,83
1178,115
1179,64
1180,92
1181,41
1182,30
1183,59
1184,87
1185,70
1186,42
1187,52
1188,29
1189,24
1190,96
1191,111
1192,128
1193,73
1194,93
1195,37
1196,134
1197,81
1198,19
1199,13
1200,29
1201,109
1202,171
1203,45
1204,67
1205,41
1206,46
1207,6
1208,125
1209,35
1210,71
1211,19
1212,7
1213,88
1214,35
1215,69
1216,42
1217,7
1218,90
1219,24
1220,39
1221,35
1222,47
1223,12
1224,77
1225,41
1226,71
1227,99
1228,73
1229,68
1230,29
1231,82
1232,76
1233,83
1234,67
1235,7
1236,6
1237,18
1238,19
1239,47
1240,18
1241,29
1242,143
1243,63
1244,25
1245,48
1246,36
1247,58
1248,187
1249,35
1250,94
1251,87
1252,59
1253,40
1254,23
1255,43
1256,105
1257,86
1258,12
1259,41
1260,12
1261,18
1262,36
1263,107
1264,65
1265,71
1266,70
1267,71
1268,45
1269,17
1270,43
1271,40
1272,52
1273,94
1274,46
1275,46
1276,72
1277,45
1278,18
1279,88
1280,105
1281,5
1282,65
1283,52
1284,77
1285,24
1286,7
1287,90
1288,51
1289,59
1290,67
1291,136
1292,30
1293,73
1294,82
1295,24
1296,68
1297,35
1298,13
1299,59
1300,73
1301,71
1302,88
1303,54
1304,70
1305,159
1306,101
1307,72
1308,52
1309,40
1310,64
1311,109
1312,70
1313,85
1314,36
1315,13
1316,42
1317,93
1318,72
1319,65
1320,29
1321,52
1322,102
1323,47
1324,40
1325,46
1326,70
1327,61
1328,40
1329,127
1330,70
1331,36
1332,123
1333,88
1334,25
1335,43
1336,7
1337,53
1338,92
1339,83
1340,24
1341,70
1342,48
1343,80
1344,73
1345,82
1346,54
1347,64
1348,49
1349,88
1350,64
1351,54
1352,34
1353,72
1354,125
1355,66
1356,36
1357,23
1358,13
1359,31
1360,41
1361,68
1362,57
1363,64
1364,53
1365,55
1366,19
1367,208
1368,31
1369,88
1370,140
1371,41
1372,17
1373,69
1374,24
1375,71
1376,102
1377,78
1378,42
1379,84
1380,57
1381,81
1382,63
1383,67
1384,30
1385,55
1386,58
1387,24
1388,49
1389,52
1390,36
1391,72
1392,53
1393,46
1394,97
1395,35
1396,18
1397,36
1398,73
1399,113
1400,53
1401,42
1402,85
1403,80
1404,94
1405,66
1406,7
1407,98
1408,141
1409,28
1410,58
1411,31
1412,41
1413,55
1414,33
1415,37
1416,13
1417,104
1418,59
1419,76
1420,46
1421,75
1422,128
1423,66
1424,35
1425,30
1426,31
1427,45
1428,48
1429,11
1430,52
1431,79
1432,70
1433,36
1434,92
1435,59
1436,33
1437,113
1438,47
1439,111
1440,64
1441,84
1442,61
1443,19
1444,35
1445,39
1446,47
1447,82
1448,53
1449,7
1450,118
1451,64
1452,68
1453,41
1454,99
1455,99
1456,89
1457,66
1458,65
1459,71
1460,18
1461,24
1462,13
1463,43
1464,18
1465,46
1466,18
1467,111
1468,127
1469,89
1470,16
1471,18
1472,92
1473,17
1474,49
1475,61
1476,50
1477,122
1478,69
1479,35
1480,45
1481,66
1482,18
1483,47
1484,164
1485,29
1486,74
1487,128
1488,42
1489,81
1490,76
1491,7
1492,58
1493,90
1494,58
1495,48
1496,24
1497,40
1498,13
1499,73
1500,100
1501,47
1502,170
1503,130
1504,88
1505,106
1506,74
1507,63
1508,7
1509,30
1510,110
1511,49
1512,70
1513,48
1514,53
1515,87
1516,35
1517,37
1518,42
1519,57
1520,37
1521,58
1522,70
1523,44
1524,56
1525,6
1526,83
1527,72
1528,81
1529,88
1530,115
1531,7
1532,44
1533,43
1534,63
1535,76
1536,132
1537,43
1538,65
1539,56
1540,106
1541,81
1542,59
1543,137
1544,31
1545,19
1546,87
1547,25
1548,48
1549,48
1550,100
1551,83
1552,57
1553,7
1554,76
1555,58
1556,127
1557,114
1558,148
1559,64
1560,71
1561,121
1562,31
1563,51
1564,91
1565,64
1566,63
1567,63
1568,92
1569,49
1570,35
1571,71
1572,65
1573,63
1574,66
1575,70
1576,30
1577,48
1578,19
1579,29
1580,54
1581,31
1582,13
1583,52
1584,35
1585,53
1586,78
1587,77
1588,37
1589,49
1590,80
1591,54
1592,18
1593,36
1594,24
1595,146
1596,61
1597,53
1598,99
1599,53
1600,82
1601,41
1602,60
1603,66
1604,42
1605,65
1606,35
1607,42
1608,113
1609,75
1610,48
1611,47
1612,19
1613,91
1614,43
1615,69
1616,53
1617,48
1618,25
1619,42
1620,91
1621,19
1622,55
1623,59
1624,66
1625,48
1626,11
1627,67
1628,66
1629,88
1630,13
1631,53
1632,59
1633,59
1634,30
1635,37
1636,75
1637,7
1638,69
1639,53
1640,30
1641,59
1642,53
1643,23
1644,129
1645,54
1646,31
1647,58
1648,24
1649,41
1650,73
1651,48
1652,47
1653,23
1654,87
1655,31
1656,52
1657,17
1658,64
1659,153
1660,46
1661,71
1662,66
1663,13
1664,17
1665,164
1666,48
1667,30
1668,45
1669,71
1670,52
1671,58
1672,107
1673,82
1674,30
1675,63
1676,78
1677,31
1678,29
1679,47
1680,53
1681,51
1682,36
1683,121
1684,59
1685,34
1686,76
1687,109
1688,52
1689,25
1690,81
1691,103
1692,59
1693,45
1694,81
1695,42
1696,98
1697,61
1698,113
1699,51
1700,13
1701,17
1702,25
1703,13
1704,58
1705,51
1706,47
1707,79
1708,48
1709,26
1710,7
1711,25
1712,47
1713,19
1714,18
1715,25
1716,30
1717,65
1718,31
1719,49
1720,43
1721,122
1722,60
1723,19
1724,37
1725,64
1726,87
1727,54
1728,77
1729,29
1730,99
1731,96
1732,95
1733,105
1734,112
1735,42
1736,148
1737,76
1738,54
1739,95
1740,59
1741,11
1742,59
1743,22
1744,43
1745,93
1746,54
1747,24
1748,19
1749,59
1750,65
1751,52
1752,46
1753,18
1754,53
1755,41
1756,55
1757,128
1758,90
1759,35
1760,64
1761,106
1762,61
1763,12
1764,88
1765,37
1766,35
1767,29
1768,83
1769,126
1770,30
1771,102
1772,82
1773,29
1774,12
1775,7
1776,53
1777,40
1778,60
1779,139
1780,55
1781,24
1782,123
1783,31
1784,67
1785,47
1786,96
1787,19
1788,95
1789,17
1790,128
1791,52
1792,99
1793,46
1794,111
1795,69
1796,43
1797,31
1798,40
1799,108
1800,101
1801,13
1802,65
1803,76
1804,59
1805,13
1806,43
1807,75
1808,59
1809,10
1810,131
1811,65
1812,85
1813,29
1814,41
1815,28
1816,66
1817,24
1818,50
1819,138
1820,69
1821,70
1822,65
1823,53
1824,47
1825,83
1826,47
1827,94
1828,115
1829,60
1830,13
1831,95
1832,76
1833,60
1834,48
1835,36
1836,152
1837,7
1838,100
1839,77
1840,41
1841,59
1842,63
1843,72
1844,128
1845,71
1846,106
1847,59
1848,59
1849,42
1850,23
1851,37
1852,101
1853,30
1854,71
1855,52
1856,66
1857,57
1858,58
1859,48
1860,51
1861,25
1862,88
1863,58
1864,48
1865,102
1866,41
1867,18
1868,70
1869,35
1870,35
1871,167
1872,81
1873,47
1874,77
1875,46
1876,70
1877,29
1878,180
1879,12
1880,42
1881,18
1882,53
1883,53
1884,56
1885,23
1886,40
1887,54
1888,18
1889,47
1890,66
1891,81
1892,49
1893,103
1894,24
1895,65
1896,37
1897,32
1898,43
1899,6
1900,7
1901,12
1902,36
1903,52
1904,25
1905,37
1906,54
1907,34
1908,81
1909,43
1910,58
1911,67
1912,18
1913,69
1914,65
1915,47
1916,55
1917,88
1918,13
1919,58
1920,75
1921,50
1922,87
1923,54
1924,13
1925,65
1926,30
1927,160
1928,94
1929,54
1930,46
1931,66
1932,37
1933,23
1934,104
1935,17
1936,24
1937,53
1938,90
1939,51
1940,17
1941,55
1942,86
1943,116
1944,48
1945,58
1946,44
1947,35
1948,59
1949,49
1950,55
1951,70
1952,24
1953,60
1954,65
1955,58
1956,118
1957,91
1958,55
1959,30
1960,68
1961,60
1962,63
1963,94
1964,70
1965,53
1966,60
1967,87
1968,57
1969,88
1970,46
1971,124
1972,42
1973,36
1974,35
1975,37
1976,155
1977,30
1978,100
1979,78
1980,92
1981,16
1982,42
1983,30
1984,43
1985,58
1986,7
1987,49
1988,59
1989,17
1990,38
1991,78
1992,25
1993,18
1994,41
1995,43
1996,50
1997,43
1998,29
1999,43
2000,108
2001,47
2002,18
2003,23
2004,35
2005,41
2006,92
2007,16
2008,22
2009,66
2010,27
2011,36
2012,24
2013,19
2014,90
2015,59
2016,105
2017,52
2018,30
2019,34
2020,84
2021,17
2022,13
2023,34
2024,30
2025,59
2026,42
2027,51
2028,134
2029,46
2030,24
2031,42
2032,108
2033,53
2034,13
2035,39
2036,22
2037,41
2038,107
2039,13
2040,24
2041,87
2042,64
2043,90
2044,47
2045,36
2046,110
2047,80
2048,61
2049,59
2050,80
2051,47
2052,66
2053,57
2054,75
2055,53
2056,48
2057,54
2058,45
2059,48
2060,76
2061,113
2062,85
2063,30
2064,51
2065,91
2066,42
2067,71
2068,11
2069,71
2070,58
2071,97
2072,93
2073,141
2074,13
2075,6
2076,43
2077,39
2078,48
2079,69
2080,72
2081,59
2082,39
2083,23
2084,7
2085,13
2086,81
2087,41
2088,54
2089,42
2090,19
2091,6
2092,19
2093,57
2094,76
2095,19
2096,71
2097,99
2098,78
2099,64
2100,42
2101,29
2102,137
2103,60
2104,42
2105,7
2106,31
2107,39
2108,23
2109,28
2110,22
2111,25
2112,24
2113,64
2114,19
2115,25
2116,43
2117,6
2118,60
2119,12
2120,106
2121,76
2122,36
2123,18
2124,17
2125,65
2126,101
2127,19
2128,37
2129,52
2130,12
2131,40
2132,58
2133,117
2134,13
2135,12
2136,25
2137,89
2138,106
2139,72
2140,42
2141,7
2142,102
2143,80
2144,54
2145,76
2146,40
2147,29
2148,67
2149,12
2150,57
2151,122
2152,19
2153,137
2154,35
2155,51
2156,53
2157,84
2158,111
2159,34
2160,52
2161,76
2162,19
2163,18
2164,72
2165,13
2166,47
2167,117
2168,36
2169,72
2170,110
2171,13
2172,54
2173,13
2174,37
2175,37
2176,89
2177,52
2178,32
2179,64
2180,41
2181,111
2182,94
2183,98
2184,7
2185,35
2186,91
2187,64
2188,53
2189,69
2190,71
2191,42
2192,28
2193,124
2194,53
2195,13
2196,63
2197,57
2198,55
2199,31
2200,40
2201,41
2202,69
2203,100
2204,36
2205,7
2206,40
2207,53
2208,90
2209,71
2210,60
2211,13
2212,70
2213,67
2214,37
2215,57
2216,79
2217,36
2218,35
2219,49
2220,40
2221,52
2222,89
2223,30
2224,7
2225,74
2226,7
2227,79
2228,84
2229,13
2230,145
2231,37
2232,35
2233,113
2234,104
2235,60
2236,24
2237,53
2238,17
2239,36
2240,63
2241,64
2242,48
2243,45
2244,30
2245,12
2246,49
2247,58
2248,59
2249,76
2250,70
2251,57
2252,35
2253,13
2254,59
2255,74
2256,25
2257,67
2258,34
2259,23
2260,47
2261,70
2262,116
2263,65
2264,94
2265,49
2266,52
2267,99
2268,42
2269,111
2270,97
2271,48
2272,74
2273,80
2274,84
2275,81
2276,18
2277,88
2278,35
2279,30
2280,76
2281,93
2282,13
2283,51
2284,23
2285,46
2286,59
2287,54
2288,78
2289,109
2290,13
2291,66
2292,69
2293,60
2294,71
2295,112
2296,29
2297,13
2298,86
2299,19
2300,28
2301,65
2302,104
2303,18
2304,30
2305,36
2306,19
2307,65
2308,86
2309,110
2310,18
2311,59
2312,43
2313,12
2314,66
2315,24
2316,60
2317,76
2318,12
2319,35
2320,13
2321,76
2322,49
2323,50
2324,25
2325,28
2326,149
2327,53
2328,69
2329,67
2330,36
2331,136
2332,18
2333,85
2334,114
2335,60
2336,19
2337,86
2338,61
2339,37
2340,24
2341,47
2342,17
2343,36
2344,66
2345,30
2346,19
2347,49
2348,52
2349,65
2350,76
2351,58
2352,45
2353,22
2354,48
2355,51
2356,7
2357,88
2358,60
2359,57
2360,48
2361,94
2362,77
2363,45
2364,36
2365,93
2366,91
2367,64
2368,53
2369,13
2370,7
2371,51
2372,34
2373,24
2374,36
2375,17
2376,71
2377,41
2378,56
2379,43
2380,28
2381,128
2382,35
2383,193
2384,61
2385,52
2386,48
2387,36
2388,37
2389,77
2390,7
2391,84
2392,101
2393,18
2394,38
2395,30
2396,29
2397,48
2398,89
2399,36
2400,23
2401,17
2402,40
2403,47
2404,36
2405,31
2406,31
2407,101
2408,33
2409,93
2410,19
2411,41
2412,25
2413,37
2414,13
2415,55
2416,48
2417,42
2418,23
2419,53
2420,18
2421,7
2422,86
2423,43
2424,89
2425,71
2426,41
2427,82
2428,59
2429,31
2430,31
2431,94
2432,63
2433,6
2434,54
2435,30
2436,12
2437,53
2438,18
2439,19
2440,46
2441,31
2442,91
2443,138
2444,30
2445,6
2446,42
2447,88
2448,13
2449,35
2450,77
2451,71
2452,65
2453,71
2454,98
2455,13
2456,42
2457,128
2458,25
2459,13
2460,88
2461,29
2462,13
2463,13
2464,13
2465,90
2466,103
2467,45
2468,56
2469,64
2470,34
2471,99
2472,194
2473,31
2474,31
2475,57
2476,160
2477,57
2478,114
2479,63
2480,16
2481,93
2482,47
2483,29
2484,36
2485,56
2486,43
2487,66
2488,65
2489,77
2490,80
2491,13
2492,12
2493,74
2494,68
2495,131
2496,42
2497,13
2498,13
2499,55
2500,103
2501,59
2502,48
2503,19
2504,43
2505,59
2506,87
2507,45
2508,42
2509,42
2510,59
2511,48
2512,53
2513,62
2514,29
2515,103
2516,48
2517,25
2518,18
2519,92
2520,80
2521,53
2522,53
2523,43
2524,42
2525,41
2526,82
2527,99
2528,23
2529,24
2530,6
2531,86
2532,13
2533,47
2534,102
2535,57
2536,47
2537,62
2538,42
2539,36
2540,41
2541,94
2542,84
2543,31
2544,19
2545,75
2546,51
2547,40
2548,25
2549,23
2550,42
2551,10
2552,52
2553,46
2554,61
2555,31
2556,37
2557,18
2558,35
2559,18
2560,71
2561,18
2562,24
2563,13
2564,107
2565,11
2566,58
2567,84
2568,25
2569,18
2570,90
2571,19
2572,13
2573,6
2574,114
2575,57
2576,98
2577,47
2578,59
2579,71
2580,46
2581,44
2582,152
2583,42
2584,40
2585,64
2586,76
2587,13
2588,18
2589,42
2590,36
2591,77
2592,59
2593,114
2594,85
2595,41
2596,7
2597,60
2598,63
2599,42
2600,13
2601,6
2602,102
2603,153
2604,69
2605,63
2606,47
2607,65
2608,63
2609,103
2610,35
2611,23
2612,30
2613,125
2614,13
2615,46
2616,64
2617,36
2618,47
2619,7
2620,68
2621,90
2622,25
2623,31
2624,34
2625,122
2626,19
2627,18
2628,96
2629,64
2630,6
2631,19
2632,24
2633,55
2634,29
2635,64
2636,7
2637,59
2638,87
2639,65
2640,24
2641,7
2642,54
2643,73
2644,61
2645,30
2646,66
2647,77
2648,77
2649,6
2650,120
2651,7
2652,7
2653,92
2654,18
2655,96
2656,66
2657,38
2658,18
2659,70
2660,12
2661,23
2662,13
2663,6
2664,35
2665,49
2666,37
2667,189
2668,63
2669,13
2670,7
2671,40
2672,49
2673,23
2674,40
2675,41
2676,18
2677,91
2678,12
2679,44
2680,78
2681,106
2682,64
2683,60
2684,29
2685,103
2686,100
2687,112
2688,30
2689,12
2690,29
2691,95
2692,19
2693,72
2694,19
2695,33
2696,59
2697,7
2698,13
2699,65
2700,24
2701,25
2702,59
2703,99
2704,7
2705,75
2706,47
2707,49
2708,108
2709,90
2710,98
2711,7
2712,29
2713,33
2714,97
2715,12
2716,19
2717,18
2718,70
2719,70
2720,13
2721,73
2722,47
2723,36
2724,53
2725,35
2726,29
2727,7
2728,147
2729,6
2730,30
2731,74
2732,41
2733,98
2734,7
2735,82
2736,28
2737,41
2738,6
2739,94
2740,12
2741,42
2742,37
2743,81
2744,36
2745,13
2746,19
2747,7
2748,7
2749,47
2750,19
2751,42
2752,130
2753,7
2754,54
2755,24
2756,47
2757,30
2758,13
2759,42
2760,106
2761,7
2762,19
2763,43
2764,7
2765,19
2766,30
2767,7
2768,92
2769,29
2770,96
2771,48
2772,58
2773,13
2774,62
2775,19
2776,157
2777,64
2778,36
2779,41
2780,93
2781,105
2782,19
2783,36
2784,107
2785,82
2786,7
2787,64
2788,86
2789,101
2790,29
2791,11
2792,89
2793,75
2794,49
2795,54
2796,89
2797,88
2798,23
2799,13
2800,63
2801,83
2802,111
2803,7
2804,25
2805,18
2806,7
2807,25
2808,81
2809,19
2810,17
2811,72
2812,31
2813,93
2814,60
2815,7
2816,68
2817,71
2818,46
2819,61
2820,13
2821,96
2822,7
2823,125
2824,70
2825,41
2826,19
2827,40
2828,7
2829,7
2830,7
2831,76
2832,31
2833,84
2834,97
2835,13
2836,55
2837,13
2838,7
2839,28
2840,58
2841,50
2842,24
2843,75
2844,13
2845,67
2846,65
2847,60
2848,68
2849,30
2850,102
2851,111
2852,53
2853,87
2854,7
2855,102
2856,107
2857,25
2858,7
2859,48
2860,58
2861,93
2862,62
2863,34
2864,18
2865,46
2866,57
2867,7
2868,80
2869,18
2870,47
2871,18
2872,65
2873,85
2874,46
2875,17
2876,13
2877,56
2878,36
2879,57
2880,24
2881,52
2882,84
2883,64
2884,110
2885,53
2886,66
2887,35
2888,48
2889,59
2890,37
2891,128
2892,48
2893,17
2894,7
2895,99
2896,54
2897,64
2898,6
2899,46
2900,39
2901,59
2902,7
2903,43
2904,114
2905,25
2906,44
2907,88
2908,55
2909,54
2910,7
2911,52
2912,75
2913,79
2914,95
2915,28
2916,11
2917,32
2918,7
2919,57
2920,87
2921,36
2922,19
2923,48
2924,54
2925,19
2926,40
2927,81
2928,60
2929,7
2930,50
2931,140
2932,36
2933,48
2934,19
2935,103
2936,165
2937,30
2938,13
2939,124
2940,54
2941,79
2942,43
2943,71
2944,65
2945,7
2946,27
2947,13
2948,53
2949,78
2950,6
2951,80
2952,49
2953,226
2954,31
2955,63
2956,30
2957,36
2958,88
2959,63
2960,96
2961,76
2962,7
2963,29
2964,24
2965,35
2966,24
2967,78
2968,43
2969,29
2970,59
2971,55
2972,117
2973,13
2974,58
2975,7
2976,7
2977,25
2978,55
2979,7
2980,54
2981,7
2982,96
2983,90
2984,36
2985,25
2986,48
2987,67
2988,84
2989,35
2990,18
2991,76
2992,7
2993,69
2994,59
2995,56
2996,66
2997,7
2998,22
2999,82
3000,64
3001,43
3002,12
3003,51
3004,6
3005,7
3006,78
3007,59
3008,7
3009,7
3010,29
3011,112
3012,105
3013,100
3014,85
3015,6
3016,142
3017,68
3018,76
3019,7
3020,13
3021,6
3022,90
3023,77
3024,93
3025,19
3026,42
3027,107
3028,49
3029,13
3030,61
3031,17
3032,7
3033,30
3034,7
3035,13
3036,53
3037,77
3038,24
3039,64
3040,48
3041,52
3042,29
3043,28
3044,76
3045,28
3046,11
3047,36
3048,58
3049,5
3050,88
3051,47
3052,93
3053,98
3054,35
3055,72
3056,68
3057,12
3058,46
3059,47
3060,65
3061,7
3062,46
3063,46
3064,65
3065,12
3066,28
3067,93
3068,46
3069,100
3070,7
3071,7
3072,13
3073,100
3074,67
3075,48
3076,56
3077,91
3078,19
3079,6
3080,54
3081,24
3082,12
3083,82
3084,34
3085,43
3086,158
3087,12
3088,7
3089,95
3090,13
3091,28
3092,35
3093,18
3094,18
3095,7
3096,25
3097,71
3098,12
3099,27
3100,53
3101,13
3102,70
3103,51
3104,41
3105,105
3106,71
3107,13
3108,81
3109,7
3110,53
3111,95
3112,71
3113,13
3114,47
3115,30
3116,18
3117,36
3118,7
3119,30
3120,7
3121,18
3122,30
3123,7
3124,19
3125,13
3126,115
3127,7
3128,7
3129,7
3130,7
3131,7
3132,7
3133,29
3134,13
3135,7
3136,47
3137,7
3138,71
3139,30
3140,37
3141,25
3142,12
3143,70
3144,7
3145,41
3146,25
3147,37
3148,54
3149,49
3150,7
3151,35
3152,37
3153,13
3154,7
3155,19
3156,65
3157,7
3158,69
3159,57
3160,6
3161,7
3162,31
3163,29
3164,7
3165,77
3166,57
3167,64
3168,7
3169,65
3170,62
3171,49
3172,143
3173,17
3174,17
3175,6
3176,12
3177,106
3178,69
3179,24
3180,55
3181,58
3182,55
3183,71
3184,18
3185,85
3186,6
3187,81
3188,6
3189,60
3190,53
3191,18
3192,7
3193,23
3194,58
3195,54
3196,117
3197,23
3198,7
3199,7
3200,19
3201,83
3202,5
3203,80
3204,78
3205,7
3206,7
3207,61
3208,7
3209,121
3210,76
3211,16
3212,69
3213,53
3214,61
3215,25
3216,23
3217,54
3218,57
3219,82
3220,37
3221,62
3222,36
3223,19
3224,66
3225,35
3226,70
3227,25
3228,12
3229,18
3230,18
3231,7
3232,7
3233,31
3234,12
3235,19
3236,36
3237,7
3238,151
3239,130
3240,169
3241,55
3242,89
3243,31
3244,7
3245,13
3246,65
3247,48
3248,129
3249,7
3250,65
3251,16
3252,103
3253,63
3254,82
3255,78
3256,31
3257,48
3258,7
3259,7
3260,18
3261,65
3262,5
3263,67
3264,75
3265,7
3266,43
3267,11
3268,111
3269,77
3270,7
3271,75
3272,12
3273,7
3274,7
3275,85
3276,17
3277,13
3278,18
3279,7
3280,30
3281,6
3282,94
3283,7
3284,7
3285,88
3286,49
3287,36
3288,7
3289,53
3290,18
3291,31
3292,30
3293,16
3294,62
3295,30
3296,60
3297,7
3298,23
3299,24
3300,7
3301,6
3302,30
3303,36
3304,19
3305,150
3306,13
3307,30
3308,76
3309,79
3310,91
3311,23
3312,48
3313,34
3314,13
3315,19
3316,85
3317,42
3318,12
3319,5
3320,71
3321,30
3322,7
3323,13
3324,55
3325,42
3326,7
3327,25
3328,80
3329,80
3330,18
3331,65
3332,94
3333,7
3334,13
3335,91
3336,25
3337,66
3338,66
3339,7
3340,57
3341,12
3342,7
3343,30
3344,48
3345,35
3346,12
3347,19
3348,7
3349,61
3350,18
3351,31
3352,94
3353,28
3354,13
3355,96
3356,83
3357,6
3358,7
3359,19
3360,60
3361,7
3362,7
3363,6
3364,73
3365,104
3366,94
3367,30
3368,47
3369,55
3370,19
3371,7
3372,43
3373,36
3374,19
3375,28
3376,36
3377,42
3378,12
3379,13
3380,87
3381,40
3382,7
3383,23
3384,52
3385,52
3386,31
3387,91
3388,72
3389,48
3390,36
3391,35
3392,53
3393,12
3394,137
3395,7
3396,25
3397,12
3398,60
3399,95
3400,48
3401,51
3402,7
3403,7
3404,7
3405,64
3406,7
3407,13
3408,24
3409,18
3410,13
3411,48
3412,7
3413,6
3414,85
3415,25
3416,52
3417,7
3418,7
3419,43
3420,7
3421,29
3422,100
3423,13
3424,96
3425,19
3426,7
3427,7
3428,7
3429,7
3430,88
3431,19
3432,30
3433,73
3434,7
3435,24
3436,13
3437,30
3438,36
3439,7
3440,114
3441,24
3442,68
3443,6
3444,54
3445,83
3446,36
3447,57
3448,7
3449,25
3450,7
3451,13
3452,30
3453,19
3454,7
3455,35
3456,81
3457,147
3458,188
3459,7
3460,67
3461,6
3462,54
3463,7
3464,29
3465,24
3466,7
3467,42
3468,53
3469,7
3470,12
3471,7
3472,34
3473,7
3474,125
3475,105
3476,47
3477,17
3478,7
3479,19
3480,25
3481,7
3482,101
3483,7
3484,43
3485,54
3486,6
3487,17
3488,81
3489,58
3490,179
3491,17
3492,67
3493,46
3494,17
3495,87
3496,18
3497,7
3498,19
3499,116
3500,6
3501,12
3502,106
3503,105
3504,47
3505,7
3506,7
3507,7
3508,125
3509,36
3510,66
3511,29
3512,90
3513,99
3514,138
3515,18
3516,44
3517,37
3518,13
3519,7
3520,7
3521,6
3522,81
3523,24
3524,7
3525,48
3526,71
3527,41
3528,41
3529,18
3530,65
3531,7
3532,7
3533,6
3534,7
3535,52
3536,18
3537,6
3538,7
3539,122
3540,7
3541,18
3542,25
3543,13
3544,31
3545,93
3546,71
3547,13
3548,37
3549,7
3550,6
3551,47
3552,60
3553,7
3554,13
3555,84
3556,7
3557,121
3558,29
3559,13
3560,6
3561,37
3562,48
3563,101
3564,71
3565,6
3566,18
3567,6
3568,11
3569,19
3570,19
3571,29
3572,53
3573,40
3574,48
3575,7
3576,108
3577,54
3578,43
3579,65
3580,6
3581,152
3582,47
3583,30
3584,29
3585,105
3586,19
3587,7
3588,80
3589,55
3590,6
3591,94
3592,7
3593,7
3594,7
3595,30
3596,18
3597,58
3598,23
3599,136
3600,7
3601,7
3602,84
3603,42
3604,157
3605,84
3606,7
3607,25
3608,7
3609,41
3610,6
3611,83
3612,13
3613,12
3614,135
3615,13
3616,18
3617,47
3618,7
3619,55
3620,42
3621,7
3622,113
3623,6
3624,7
3625,24
3626,6
3627,56
3628,12
3629,56
3630,75
3631,85
3632,43
3633,35
3634,6
3635,48
3636,7
3637,7
3638,6
3639,62
3640,116
3641,24
3642,64
3643,13
3644,18
3645,87
3646,54
3647,221
3648,7
3649,7
3650,116
3651,75
3652,57
3653,18
3654,133
3655,97
3656,89
3657,91
3658,7
3659,6
3660,13
3661,22
3662,7
3663,7
3664,7
3665,12
3666,52
3667,35
3668,7
3669,27
3670,7
3671,13
3672,132
3673,29
3674,7
3675,7
3676,7
3677,57
3678,24
3679,58
3680,7
3681,12
3682,11
3683,13
3684,7
3685,19
3686,18
3687,23
3688,48
3689,122
3690,11
3691,6
3692,82
3693,17
3694,113
3695,13
3696,41
3697,76
3698,68
3699,13
3700,6
3701,7
3702,23
3703,7
3704,24
3705,22
3706,47
3707,158
3708,13
3709,70
3710,7
3711,13
3712,7
3713,39
3714,36
3715,24
3716,48
3717,111
3718,55
3719,55
3720,6
3721,47
3722,42
3723,7
3724,12
3725,12
3726,132
3727,18
3728,25
3729,56
3730,12
3731,75
3732,105
3733,34
3734,6
3735,22
3736,87
3737,137
3738,6
3739,120
3740,10
3741,114
3742,22
3743,6
3744,7
3745,83
3746,153
3747,7
3748,60
3749,7
3750,40
3751,7
3752,37
3753,42
3754,6
3755,22
3756,34
3757,7
3758,13
3759,7
3760,12
3761,70
3762,78
3763,55
3764,89
3765,13
3766,13
3767,77
3768,18
3769,215
3770,7
3771,18
3772,13
3773,149
3774,6
3775,7
3776,7
3777,103
3778,54
3779,7
3780,69
3781,66
3782,86
3783,90
3784,7
3785,7
3786,25
3787,19
3788,19
3789,40
3790,6
3791,76
3792,13
3793,64
3794,83
3795,13
3796,7
3797,29
3798,7
3799,6
3800,48
3801,53
3802,39
3803,12
3804,13
3805,6
3806,55
3807,13
3808,18
3809,7
3810,51
3811,140
3812,7
3813,12
3814,40
3815,71
3816,13
3817,30
3818,12
3819,76
3820,7
3821,7
3822,41
3823,18
3824,7
3825,7
3826,19
3827,7
3828,160
3829,79
3830,6
3831,48
3832,64
3833,7
3834,94
3835,7
3836,42
3837,59
3838,38
3839,24
3840,103
3841,80
3842,24
3843,52
3844,18
3845,37
3846,55
3847,88
3848,5
3849,65
3850,18
3851,36
3852,113
3853,41
3854,12
3855,7
3856,7
3857,64
3858,6
3859,7
3860,95
3861,7
3862,52
3863,18
3864,87
3865,56
3866,78
3867,52
3868,7
3869,11
3870,93
3871,6
3872,13
3873,86
3874,19
3875,59
3876,28
3877,48
3878,7
3879,40
3880,7
3881,49
3882,37
3883,7
3884,76
3885,7
3886,13
3887,7
3888,41
3889,17
3890,7
3891,25
3892,7
3893,13
3894,7
3895,24
3896,47
3897,7
3898,7
3899,69
3900,24
3901,18
3902,29
3903,111
3904,12
3905,46
3906,24
3907,119
3908,43
3909,70
3910,6
3911,81
3912,65
3913,18
3914,31
3915,13
3916,65
3917,7
3918,106
3919,7
3920,13
3921,24
3922,19
3923,7
3924,13
3925,7
3926,7
3927,11
3928,12
3929,7
3930,6
3931,7
3932,74
3933,13
3934,18
3935,90
3936,6
3937,6
3938,58
3939,78
3940,52
3941,25
3942,13
3943,7
3944,66
3945,18
3946,100
3947,7
3948,17
3949,7
3950,94
3951,6
3952,16
3953,7
3954,36
3955,29
3956,6
3957,6
3958,53
3959,7
3960,7
3961,78
3962,13
3963,24
3964,7
3965,67
3966,7
3967,7
3968,49
3969,17
3970,6
3971,24
3972,82
3973,13
3974,112
3975,13
3976,103
3977,12
3978,17
3979,41
3980,59
3981,7
3982,7
3983,7
3984,13
3985,7
3986,24
3987,60
3988,56
3989,41
3990,7
3991,47
3992,42
3993,6
3994,41
3995,162
3996,42
3997,7
3998,78
3999,6
4000,7
4001,7
4002,7
4003,18
4004,77
4005,102
4006,88
4007,6
4008,83
4009,7
4010,25
4011,7
4012,7
4013,12
4014,23
4015,93
4016,19
4017,74
4018,7
4019,63
4020,12
4021,105
4022,18
4023,54
4024,68
4025,41
4026,60
4027,42
4028,75
4029,7
4030,7
4031,19
4032,35
4033,92
4034,12
4035,57
4036,5
4037,7
4038,49
4039,42
4040,6
4041,10
4042,7
4043,7
4044,89
4045,7
4046,6
4047,7
4048,7
4049,6
4050,91
4051,29
4052,119
4053,5
4054,7
4055,7
4056,7
4057,12
4058,35
4059,75
4060,19
4061,52
4062,13
4063,7
4064,112
4065,7
4066,7
4067,7
4068,71
4069,7
4070,65
4071,7
4072,19
4073,7
4074,6
4075,7
4076,65
4077,29
4078,6
4079,47
4080,40
4081,12
4082,115
4083,64
4084,26
4085,7
4086,23
4087,6
4088,7
4089,82
4090,48
4091,7
4092,122
4093,7
4094,6
4095,6
4096,11
4097,31
4098,42
4099,65
4100,81
4101,6
4102,71
4103,81
4104,59
4105,7
4106,7
4107,124
4108,33
4109,33
4110,13
4111,7
4112,13
4113,48
4114,35
4115,7
4116,7
4117,13
4118,61
4119,31
4120,25
4121,35
4122,13
4123,118
4124,7
4125,6
4126,7
4127,7
4128,7
4129,49
4130,72
4131,76
4132,47
4133,72
4134,49
4135,102
4136,7
4137,7
4138,44
4139,41
4140,7
4141,103
4142,12
4143,7
4144,7
4145,6
4146,34
4147,18
4148,49
4149,100
4150,35
4151,6
4152,56
4153,13
4154,7
4155,43
4156,7
4157,6
4158,94
4159,61
4160,55
4161,36
4162,81
4163,23
4164,42
4165,46
4166,98
4167,7
4168,7
4169,61
4170,42
4171,110
4172,108
4173,13
4174,7
4175,6
4176,7
4177,138
4178,6
4179,87
4180,21
4181,70
4182,7
4183,6
4184,105
4185,7
4186,44
4187,58
4188,6
4189,7
4190,19
4191,6
4192,7
4193,19
4194,64
4195,6
4196,87
4197,7
4198,6
4199,7
4200,7
4201,13
4202,25
4203,13
4204,13
4205,18
4206,99
4207,24
4208,24
4209,7
4210,68
4211,18
4212,7
4213,76
4214,30
4215,29
4216,25
4217,57
4218,7
4219,31
4220,24
4221,18
4222,7
4223,7
4224,7
4225,106
4226,7
4227,36
4228,52
4229,76
4230,12
4231,52
4232,6
4233,7
4234,7
4235,7
4236,7
4237,66
4238,69
4239,13
4240,24
4241,106
4242,78
4243,7
4244,45
4245,7
4246,25
4247,60
4248,46
4249,24
4250,7
4251,48
4252,81
4253,7
4254,7
4255,7
4256,31
4257,19
4258,7
4259,7
4260,40
4261,65
4262,7
4263,11
4264,54
4265,7
4266,12
4267,13
4268,13
4269,82
4270,42
4271,7
4272,18
4273,13
4274,46
4275,68
4276,106
4277,7
4278,12
4279,85
4280,7
4281,13
4282,6
4283,7
4284,99
4285,7
4286,7
4287,89
4288,18
4289,13
4290,31
4291,90
4292,12
4293,7
4294,42
4295,7
4296,6
4297,7
4298,19
4299,7
4300,51
4301,6
4302,7
4303,25
4304,7
4305,7
4306,13
4307,43
4308,7
4309,17
4310,7
4311,7
4312,30
4313,119
4314,61
4315,7
4316,80
4317,6
4318,4
4319,93
4320,13
4321,7
4322,7
4323,95
4324,7
4325,6
4326,5
4327,7
4328,7
4329,11
4330,90
4331,7
4332,45
4333,13
4334,97
4335,6
4336,18
4337,7
4338,61
4339,43
4340,7
4341,24
4342,7
4343,7
4344,53
4345,161
4346,7
4347,109
4348,73
4349,13
4350,18
4351,7
4352,7
4353,65
4354,47
4355,7
4356,39
4357,7
4358,64
4359,18
4360,7
4361,7
4362,19
4363,7
4364,5
4365,7
4366,46
4367,7
4368,52
4369,84
4370,19
4371,6
4372,7
4373,7
4374,13
4375,52
4376,64
4377,13
4378,13
4379,12
4380,7
4381,7
4382,105
4383,47
4384,7
4385,19
4386,6
4387,48
4388,6
4389,7
4390,78
4391,6
4392,54
4393,42
4394,42
4395,6
4396,7
4397,7
4398,189
4399,113
4400,7
4401,6
4402,19
4403,11
4404,24
4405,7
4406,7
4407,13
4408,69
4409,7
4410,7
4411,13
4412,7
4413,7
4414,6
4415,83
4416,7
4417,7
4418,92
4419,7
4420,65
4421,10
4422,7
4423,7
4424,30
4425,7
4426,66
4427,30
4428,34
4429,6
4430,35
4431,7
4432,7
4433,7
4434,6
4435,7
4436,77
4437,43
4438,7
4439,13
4440,43
4441,59
4442,76
4443,7
4444,7
4445,6
4446,5
4447,56
4448,7
4449,25
4450,7
4451,42
4452,7
4453,7
4454,12
4455,96
4456,7
4457,18
4458,7
4459,6
4460,6
4461,7
4462,76
4463,95
4464,48
4465,7
4466,63
4467,24
4468,13
4469,7
4470,7
4471,5
4472,37
4473,13
4474,25
4475,7
4476,7
4477,25
4478,13
4479,7
4480,7
4481,31
4482,7
4483,7
4484,7
4485,12
4486,53
4487,54
4488,7
4489,7
4490,42
4491,7
4492,31
4493,7
4494,37
4495,7
4496,7
4497,144
4498,7
4499,7
4500,7
4501,7
4502,7
4503,7
4504,7
4505,101
4506,7
4507,7
4508,69
4509,100
4510,39
4511,6
4512,36
4513,7
4514,46
4515,7
4516,62
4517,62
4518,13
4519,7
4520,7
4521,40
4522,18
4523,7
4524,7
4525,12
4526,7
4527,19
4528,45
4529,135
4530,7
4531,5
4532,7
4533,7
4534,7
4535,13
4536,7
4537,124
4538,59
4539,52
4540,6
4541,57
4542,37
4543,144
4544,6
4545,7
4546,12
4547,12
4548,7
4549,48
4550,7
4551,6
4552,84
4553,83
4554,6
4555,7
4556,40
4557,41
4558,75
4559,11
4560,7
4561,49
4562,7
4563,7
4564,7
4565,12
4566,31
4567,60
4568,87
4569,13
4570,42
4571,42
4572,43
4573,6
4574,89
4575,7
4576,7
4577,67
4578,94
4579,46
4580,72
4581,37
4582,7
4583,6
4584,7
4585,13
4586,19
4587,7
4588,12
4589,48
4590,12
4591,76
4592,7
4593,87
4594,7
4595,7
4596,7
4597,74
4598,40
4599,31
4600,13
4601,7
4602,53
4603,127
4604,7
4605,7
4606,7
4607,7
4608,66
4609,12
4610,40
4611,7
4612,152
4613,80
4614,12
4615,7
4616,7
4617,7
4618,7
4619,7
4620,13
4621,73
4622,7
4623,7
4624,7
4625,17
4626,60
4627,54
4628,7
4629,13
4630,47
4631,24
4632,42
4633,7
4634,7
4635,59
4636,5
4637,13
4638,7
4639,17
4640,7
4641,48
4642,6
4643,24
4644,137
4645,36
4646,12
4647,38
4648,13
4649,122
4650,18
4651,7
4652,7
4653,5
4654,7
4655,6
4656,12
4657,75
4658,149
4659,53
4660,13
4661,18
4662,13
4663,19
4664,7
4665,6
4666,18
4667,6
4668,7
4669,7
4670,157
4671,48
4672,7
4673,7
4674,7
4675,7
4676,24
4677,25
4678,7
4679,25
4680,7
4681,52
4682,13
4683,7
4684,18
4685,7
4686,7
4687,107
4688,7
4689,7
4690,7
4691,23
4692,7
4693,7
4694,7
4695,7
4696,88
4697,7
4698,7
4699,43
4700,88
4701,35
4702,19
4703,123
4704,42
4705,7
4706,7
4707,6
4708,7
4709,7
4710,6
4711,17
4712,7
4713,7
4714,61
4715,12
4716,106
4717,48
4718,7
4719,94
4720,101
4721,12
4722,69
4723,7
4724,71
4725,7
4726,7
4727,32
4728,6
4729,7
4730,7
4731,7
4732,17
4733,43
4734,64
4735,7
4736,7
4737,7
4738,13
4739,7
4740,7
4741,72
4742,70
4743,7
4744,35
4745,7
4746,7
4747,69
4748,192
4749,141
4750,6
4751,49
4752,76
4753,13
4754,7
4755,6
4756,7
4757,40
4758,7
4759,1033
4760,24
4761,19
4762,83
4763,7
4764,93
4765,7
4766,7
4767,7
4768,6
4769,6
4770,7
4771,93
4772,61
4773,134
4774,12
4775,7
4776,83
4777,7
4778,7
4779,7
4780,13
4781,7
4782,7
4783,13
4784,7
4785,7
4786,19
4787,7
4788,65
4789,48
4790,7
4791,13
4792,7
4793,6
4794,7
4795,4
4796,54
4797,85
4798,66
4799,35
4800,6
4801,6
4802,105
4803,7
4804,24
4805,19
4806,7
4807,12
4808,86
4809,43
4810,6
4811,7
4812,13
4813,6
4814,12
4815,6
4816,49
4817,57
4818,81
4819,24
4820,19
4821,7
4822,19
4823,7
4824,7
4825,13
4826,7
4827,7
4828,114
4829,13
4830,7
4831,68
4832,62
4833,13
4834,105
4835,12
4836,59
4837,67
4838,7
4839,6
4840,30
4841,41
4842,7
4843,7
4844,65
4845,11
4846,6
4847,7
4848,98
4849,85
4850,7
4851,6
4852,6
4853,24
4854,7
4855,82
4856,43
4857,7
4858,102
4859,41
4860,7
4861,7
4862,36
4863,18
4864,40
4865,7
4866,7
4867,57
4868,23
4869,17
4870,71
4871,19
4872,7
4873,29
4874,7
4875,28
4876,7
4877,4
4878,7
4879,7
4880,10
4881,4
4882,60
4883,13
4884,70
4885,6
4886,45
4887,13
4888,64
4889,82
4890,30
4891,13
4892,7
4893,12
4894,7
4895,17
4896,6
4897,6
4898,7
4899,7
4900,7
4901,13
4902,7
4903,6
4904,66
4905,23
4906,88
4907,7
4908,19
4909,19
4910,7
4911,7
4912,7
4913,7
4914,7
4915,19
4916,7
4917,12
4918,18
4919,52
4920,7
4921,13
4922,7
4923,6
4924,85
4925,78
4926,7
4927,7
4928,77
4929,7
4930,71
4931,7
4932,7
4933,25
4934,7
4935,13
4936,43
4937,111
4938,7
4939,12
4940,13
4941,7
4942,7
4943,7
4944,7
4945,7
4946,5
4947,13
4948,98
4949,40
4950,7
4951,48
4952,7
4953,122
4954,7
4955,108
4956,97
4957,18
4958,7
4959,7
4960,59
4961,7
4962,12
4963,5
4964,19
4965,18
4966,6
4967,7
4968,36
4969,48
4970,7
4971,7
4972,11
4973,117
4974,61
4975,7
4976,71
4977,7
4978,48
4979,7
4980,64
4981,13
4982,6
4983,7
4984,87
4985,5
4986,165
4987,13
4988,48
4989,25
4990,7
4991,34
4992,7
4993,27
4994,7
4995,7
4996,7
4997,7
4998,60
4999,7
